{
  "CourseSection": {
    "precision": 0.6666666666666666,
    "recall": 1.0,
    "f1-score": 0.8,
    "support": 4,
    "confused_with": {}
  },
  "CourseDuration": {
    "precision": 0.8,
    "recall": 1.0,
    "f1-score": 0.888888888888889,
    "support": 4,
    "confused_with": {}
  },
  "Program": {
    "precision": 1.0,
    "recall": 0.9047619047619048,
    "f1-score": 0.9500000000000001,
    "support": 21,
    "confused_with": {}
  },
  "Club": {
    "precision": 1.0,
    "recall": 1.0,
    "f1-score": 1.0,
    "support": 3,
    "confused_with": {}
  },
  "CourseCode": {
    "precision": 1.0,
    "recall": 1.0,
    "f1-score": 1.0,
    "support": 72,
    "confused_with": {}
  },
  "Faculty": {
    "precision": 1.0,
    "recall": 1.0,
    "f1-score": 1.0,
    "support": 48,
    "confused_with": {}
  },
  "micro avg": {
    "precision": 0.9803921568627451,
    "recall": 0.9868421052631579,
    "f1-score": 0.9836065573770492,
    "support": 152
  },
  "macro avg": {
    "precision": 0.9111111111111111,
    "recall": 0.9841269841269842,
    "f1-score": 0.9398148148148149,
    "support": 152
  },
  "weighted avg": {
    "precision": 0.9859649122807018,
    "recall": 0.9868421052631579,
    "f1-score": 0.9849049707602341,
    "support": 152
  }
}